prefixe_scian,categorie,coef_consommation,source
2213,Aqueduc municipal,0.15,Tableau 3 RDPE (officiel)
1111,Cultures agricoles,0.9,Tableau 3 RDPE (officiel)
1112,Cultures agricoles,0.9,Tableau 3 RDPE (officiel)
1113,Cultures agricoles,0.9,Tableau 3 RDPE (officiel)
1114,Cultures agricoles,0.9,Tableau 3 RDPE (officiel)
1119,Cultures agricoles,0.9,Tableau 3 RDPE (officiel)
71391,Terrains de golf,0.9,Tableau 3 RDPE (officiel)
1121,Elevage,0.8,Tableau 3 RDPE (officiel)
1122,Elevage,0.8,Tableau 3 RDPE (officiel)
1123,Elevage,0.8,Tableau 3 RDPE (officiel)
1124,Elevage,0.8,Tableau 3 RDPE (officiel)
1129,Elevage,0.8,Tableau 3 RDPE (officiel)
1125,Aquaculture,0.0,Tableau 3 RDPE (officiel)
1141,Aquaculture,0.0,Tableau 3 RDPE (officiel)
32513,Fab. de teintures & de pigments synthétiques,0.0077225733369796,Mediane empirique RDPE 2020-2024 (n=48)
112510,Aquaculture animale,0.0079922075443362,Mediane empirique RDPE 2020-2024 (n=84)
311310,Fab. de sucre,0.0089999264064028,Mediane empirique RDPE 2020-2024 (n=60)
32212,Usines de papier,0.009000440135259,Mediane empirique RDPE 2020-2024 (n=36)
325189,Fab. tous les autres prod. chim. inorg. de base,0.0098565745393634,Mediane empirique RDPE 2020-2024 (n=71)
412110,Grossistes de produits pétroliers,0.0180940892641737,Mediane empirique RDPE 2020-2024 (n=36)
325210,Fab. de résines & de caoutchouc synthétique,0.0299996275692079,Mediane empirique RDPE 2020-2024 (n=24)
5619,Autres services de soutien,0.03,Mediane empirique RDPE 2020-2024 (n=6)
3221,"Usines de pâte à papier, de papier & de carton",0.0373356671992049,Mediane empirique RDPE 2020-2024 (n=216)
331410,Fonte & affinage métaux non ferreux (sauf Al),0.04,Mediane empirique RDPE 2020-2024 (n=120)
486990,"Tous les autres services, transport pipeline",0.0478026367779878,Mediane empirique RDPE 2020-2024 (n=60)
3311,Sidérurgie,0.0967162482369522,Mediane empirique RDPE 2020-2024 (n=120)
322121,Usines de papier (sauf papier journal),0.1,Mediane empirique RDPE 2020-2024 (n=349)
322112,Usines de pâte chimique,0.1,Mediane empirique RDPE 2020-2024 (n=60)
71392,Centres de ski,0.1,Mediane empirique RDPE 2020-2024 (n=257)
213119,Autres activités de soutien à extract. minière,0.1,Mediane empirique RDPE 2020-2024 (n=24)
331110,Sidérurgie,0.1,Mediane empirique RDPE 2020-2024 (n=60)
21231,Extraction de pierre,0.1,Mediane empirique RDPE 2020-2024 (n=220)
322130,Usines de carton,0.1,Mediane empirique RDPE 2020-2024 (n=60)
713920,Centres de ski,0.1,Mediane empirique RDPE 2020-2024 (n=85)
3369,Fab. d'autres types de matériel de transport,0.1000755287009063,Mediane empirique RDPE 2020-2024 (n=11)
311990,Fab. de tous les autres aliments,0.105976303444697,Mediane empirique RDPE 2020-2024 (n=120)
331529,Fond. métaux non ferr. sauf moulage sous press.,0.1413860795616188,Mediane empirique RDPE 2020-2024 (n=24)
48699,"Tous les autres services, transport pipeline",0.15,Mediane empirique RDPE 2020-2024 (n=120)
325190,Fab. d'autres produits chim. organiques de base,0.15,Mediane empirique RDPE 2020-2024 (n=59)
713210,Casinos (sauf hôtels-casinos),0.15,Mediane empirique RDPE 2020-2024 (n=16)
22131,Réseaux d'aqueduc & systèmes d'irrigation,0.15,Mediane empirique RDPE 2020-2024 (n=6049)
7212,Parcs pour véh. de plaisance & camps de loisirs,0.15,Mediane empirique RDPE 2020-2024 (n=20)
11133,Culture de noix & de fruits (sauf les agrumes),0.1857558139534883,Mediane empirique RDPE 2020-2024 (n=21)
11142,Culture en pépinière & floriculture,0.2,Mediane empirique RDPE 2020-2024 (n=14)
32411,Raffineries de pétrole,0.2722136339603306,Mediane empirique RDPE 2020-2024 (n=60)
115110,Activités de soutien aux cultures agricoles,0.2812087639304425,Mediane empirique RDPE 2020-2024 (n=13)
212315,Extraction de calcaire,0.3119412831931387,Mediane empirique RDPE 2020-2024 (n=49)
111150,Culture du maïs,0.3330357996748382,Mediane empirique RDPE 2020-2024 (n=5)
1114,"Culture en serre, en pépinière & floriculture",0.3762114051178617,Mediane empirique RDPE 2020-2024 (n=112)
3329,Fab. d'autres produits métalliques,0.4505769721725811,Mediane empirique RDPE 2020-2024 (n=60)
111421,Culture en pépinière & arboriculture,0.4970205609459336,Mediane empirique RDPE 2020-2024 (n=28)
111211,Culture de pommes de terre,0.5,Mediane empirique RDPE 2020-2024 (n=285)
1112,Culture de légumes & de melons,0.5727272727272728,Mediane empirique RDPE 2020-2024 (n=243)
11121,Culture de légumes & de melons,0.5776566837107378,Mediane empirique RDPE 2020-2024 (n=191)
1113,Culture de fruits & de noix,0.6185567010309279,Mediane empirique RDPE 2020-2024 (n=79)
325110,Fab. de produits pétrochimiques,0.6410958537548321,Mediane empirique RDPE 2020-2024 (n=60)
111219,Autre culture de légumes (sauf patate) & melons,0.8,Mediane empirique RDPE 2020-2024 (n=146)
325920,Fab. d'explosifs,0.8350027158132509,Mediane empirique RDPE 2020-2024 (n=60)
111993,Culture mixte de fruits & de légumes,0.8999999859871343,Mediane empirique RDPE 2020-2024 (n=107)
111330,Culture de noix & de fruits (sauf les agrumes),0.8999999999156538,Mediane empirique RDPE 2020-2024 (n=162)
11321,Pép. forest. & récolte de produits forestiers,0.9,Mediane empirique RDPE 2020-2024 (n=14)
111910,Culture du tabac,0.9,Mediane empirique RDPE 2020-2024 (n=7)
713910,Terrains de golf & country clubs,0.9,Mediane empirique RDPE 2020-2024 (n=696)
71391,Terrains de golf & country clubs,0.9,Mediane empirique RDPE 2020-2024 (n=939)
7112,Sports-spectacles,0.9,Mediane empirique RDPE 2020-2024 (n=12)
1119,Autres cultures agricoles,0.9,Mediane empirique RDPE 2020-2024 (n=50)
312120,Brasseries,0.9672910776067744,Mediane empirique RDPE 2020-2024 (n=60)
3133,"Finissage de textiles, tissus & revêt. tissus",1.0,Mediane empirique RDPE 2020-2024 (n=60)
2123,Extraction de minerais non métalliques,1.0,Mediane empirique RDPE 2020-2024 (n=62)
72121,Parcs pour véh. de plaisance & camps de loisirs,1.0,Mediane empirique RDPE 2020-2024 (n=7)
32592,Fab. d'explosifs,1.0,Mediane empirique RDPE 2020-2024 (n=48)
32732,Fab. de béton préparé,1.0,Mediane empirique RDPE 2020-2024 (n=59)
32518,Fab. d'autres produits chimiques inorg. de base,1.0,Mediane empirique RDPE 2020-2024 (n=12)
32521,Fab. de résines & de caoutchouc synthétique,1.0,Mediane empirique RDPE 2020-2024 (n=82)
11199,Toutes les autres cultures agricoles,1.0,Mediane empirique RDPE 2020-2024 (n=29)
1132,Pép. forest. & récolte de produits forestiers,1.0,Mediane empirique RDPE 2020-2024 (n=37)
3211,Scieries & préservation du bois,1.0,Mediane empirique RDPE 2020-2024 (n=30)
7139,Autres services de divertissement & loisirs,1.0,Mediane empirique RDPE 2020-2024 (n=83)
311614,Fonte graisse animale & transf. de viande carc.,1.0,Mediane empirique RDPE 2020-2024 (n=119)
212398,"Extraction de tous les autres minerais, n.c.a.",1.0,Mediane empirique RDPE 2020-2024 (n=36)
312140,Distilleries,1.0,Mediane empirique RDPE 2020-2024 (n=60)
321211,Usines de placages & contreplaqués de feuillus,1.0,Mediane empirique RDPE 2020-2024 (n=68)
71399,Tous les autres services de divert. & loisirs,1.0,Mediane empirique RDPE 2020-2024 (n=19)
212220,Extraction de minerais d'or & d'argent,1.0,Mediane empirique RDPE 2020-2024 (n=12)
212317,Extraction de grès,1.0,Mediane empirique RDPE 2020-2024 (n=13)
212323,Extraction de sable & de gravier,1.0,Mediane empirique RDPE 2020-2024 (n=56)
331523,"Fonderies, métaux non ferr. moulage sous press.",1.0,Mediane empirique RDPE 2020-2024 (n=24)
326140,Fab. de produits en mousse de polystyrène,1.0,Mediane empirique RDPE 2020-2024 (n=24)
327990,Fab. de tous les autres prod. miné. non métall.,1.0,Mediane empirique RDPE 2020-2024 (n=24)
331317,"Laminage, étirage, extrusion & alliage de l'Al",1.0,Mediane empirique RDPE 2020-2024 (n=10)
721113,Centres de villégiature,1.0,Mediane empirique RDPE 2020-2024 (n=5)
